Year,Indicator,JET8,JETSDG,NDC cond.,NDC uncon.,Base,
2019,GDPPCP,16.33,16.33,16.33,16.33,16.33,
2020,GDPPCP,15.78,15.78,15.78,15.78,15.78,
2021,GDPPCP,16.66,16.66,16.66,16.66,16.66,
2022,GDPPCP,16.95,16.95,16.95,16.95,16.95,
2023,GDPPCP,17.39,17.39,17.39,17.39,17.39,
2024,GDPPCP,17.72,17.72,17.72,17.72,17.72,
2025,GDPPCP,18.05,18.04,18.05,18.06,18.06,
2026,GDPPCP,18.38,18.37,18.37,18.37,18.38,
2027,GDPPCP,18.84,18.87,18.87,18.86,18.84,
2028,GDPPCP,19.3,19.38,19.37,19.35,19.29,
2029,GDPPCP,19.79,19.93,19.89,19.85,19.74,
2030,GDPPCP,20.29,20.49,20.42,20.37,20.2,
2031,GDPPCP,20.78,21.06,20.92,20.88,20.66,
2032,GDPPCP,21.3,21.67,21.48,21.43,21.12,
2033,GDPPCP,21.82,22.3,22.04,21.98,21.58,
2034,GDPPCP,22.34,22.94,22.63,22.56,22.05,
2035,GDPPCP,22.85,23.58,23.21,23.14,22.51,
2036,GDPPCP,23.36,24.24,23.81,23.73,22.98,
2037,GDPPCP,23.87,24.92,24.42,24.33,23.45,
2038,GDPPCP,24.39,25.61,25.06,24.95,23.93,
2039,GDPPCP,24.92,26.3,25.7,25.6,24.42,
2040,GDPPCP,25.47,27.02,26.36,26.27,24.93,
2041,GDPPCP,26.04,27.78,27.04,26.95,25.45,
2042,GDPPCP,26.62,28.56,27.75,27.65,25.99,
2043,GDPPCP,27.22,29.36,28.49,28.37,26.54,
2044,GDPPCP,27.82,30.19,29.25,29.11,27.09,
2045,GDPPCP,28.42,31.02,30.03,29.85,27.64,
2046,GDPPCP,29.02,31.88,30.84,30.62,28.2,
2047,GDPPCP,29.62,32.77,31.67,31.41,28.77,
2048,GDPPCP,30.24,33.69,32.53,32.24,29.33,
2049,GDPPCP,30.85,34.6,33.4,33.07,29.89,
2050,GDPPCP,31.45,35.52,34.3,33.94,30.47,
2051,GDPPCP,32.07,36.47,35.23,34.82,31.05,
2052,GDPPCP,32.7,37.43,36.18,35.75,31.65,
2053,GDPPCP,33.33,38.42,37.14,36.7,32.26,
2054,GDPPCP,33.98,39.42,38.14,37.68,32.89,
2055,GDPPCP,34.64,40.45,39.16,38.69,33.54,
2056,GDPPCP,35.32,41.5,40.2,39.73,34.2,
2057,GDPPCP,36.02,42.57,41.27,40.79,34.88,
2058,GDPPCP,36.74,43.66,42.38,41.88,35.58,
2059,GDPPCP,37.47,44.79,43.53,43,36.3,
2060,GDPPCP,38.23,45.97,44.72,44.16,37.05,
2061,GDPPCP,39.01,47.19,45.96,45.37,37.83,
2062,GDPPCP,39.81,48.44,47.24,46.61,38.62,
2063,GDPPCP,40.62,49.72,48.56,47.89,39.41,
2064,GDPPCP,41.44,51,49.9,49.2,40.22,
2065,GDPPCP,42.23,52.28,51.26,50.52,41.03,
2066,GDPPCP,43.06,53.58,52.64,51.86,41.85,
2067,GDPPCP,43.93,54.94,54.08,53.27,42.71,
2068,GDPPCP,44.82,56.33,55.54,54.69,43.58,
2069,GDPPCP,45.71,57.71,57.01,56.13,44.47,
2070,GDPPCP,46.6,59.11,58.51,57.59,45.36,
2071,GDPPCP,47.49,60.5,60.01,59.06,46.25,
2072,GDPPCP,48.37,61.9,61.53,60.54,47.14,
2073,GDPPCP,49.25,63.3,63.04,62.03,48.02,
2074,GDPPCP,50.13,64.7,64.56,63.53,48.9,
2075,GDPPCP,51,66.11,66.09,65.04,49.78,
2076,GDPPCP,51.88,67.51,67.63,66.56,50.66,
2077,GDPPCP,52.75,68.91,69.16,68.09,51.54,
2078,GDPPCP,53.63,70.31,70.7,69.63,52.42,
2079,GDPPCP,54.51,71.72,72.23,71.17,53.3,
2080,GDPPCP,55.4,73.15,73.8,72.73,54.2,
2081,GDPPCP,56.31,74.59,75.37,74.3,55.11,
2082,GDPPCP,57.23,76.04,76.96,75.89,56.04,
2083,GDPPCP,58.18,77.52,78.57,77.5,56.99,
2084,GDPPCP,59.15,79.04,80.22,79.15,57.97,
2085,GDPPCP,60.15,80.59,81.9,80.84,58.98,
2086,GDPPCP,61.19,82.17,83.61,82.56,60.03,
2087,GDPPCP,62.25,83.77,85.34,84.29,61.08,
2088,GDPPCP,63.31,85.36,87.07,86.01,62.15,
2089,GDPPCP,64.37,86.95,88.79,87.72,63.21,
2090,GDPPCP,65.43,88.53,90.48,89.42,64.27,
2091,GDPPCP,66.49,90.08,92.15,91.11,65.32,
2092,GDPPCP,67.54,91.61,93.8,92.78,66.37,
2093,GDPPCP,68.59,93.11,95.43,94.45,67.42,
2094,GDPPCP,69.62,94.6,97.08,96.11,68.47,
2095,GDPPCP,70.65,96.08,98.7,97.75,69.51,
2096,GDPPCP,71.67,97.53,100.3,99.38,70.54,
2097,GDPPCP,72.69,98.97,101.9,101,71.58,
2098,GDPPCP,73.7,100.4,103.5,102.6,72.6,
2099,GDPPCP,74.63,101.7,104.9,104.1,73.55,
2100,GDPPCP,75.58,103,106.3,105.6,74.51,
2019,INCOMELT215LN,53.31,53.31,53.31,53.31,53.31,
2020,INCOMELT215LN,61.31,61.31,61.31,61.31,61.31,
2021,INCOMELT215LN,57.84,57.84,57.84,57.84,57.84,
2022,INCOMELT215LN,55.29,55.29,55.29,55.29,55.29,
2023,INCOMELT215LN,52.53,52.53,52.53,52.53,52.53,
2024,INCOMELT215LN,50,48.21,50.61,49.92,50,
2025,INCOMELT215LN,47.42,44.21,46.81,47.28,47.63,
2026,INCOMELT215LN,45.58,41.31,43.73,43.68,45.74,
2027,INCOMELT215LN,44.15,39.15,41.23,40.88,44.34,
2028,INCOMELT215LN,43.66,37.89,39.85,39.27,43.44,
2029,INCOMELT215LN,42.64,36.14,38.2,37.4,42.94,
2030,INCOMELT215LN,41.27,34.03,36.24,35.36,41.99,
2031,INCOMELT215LN,39.93,31.93,35.25,33.69,40.62,
2032,INCOMELT215LN,38.33,29.58,32.97,31.53,39.21,
2033,INCOMELT215LN,36.73,27.36,30.8,29.26,37.74,
2034,INCOMELT215LN,35.27,25.38,28.69,27.15,36.41,
2035,INCOMELT215LN,34.11,23.74,26.9,25.37,35.34,
2036,INCOMELT215LN,33.17,22.34,25.44,23.95,34.56,
2037,INCOMELT215LN,32.42,21.65,24.11,22.84,34,
2038,INCOMELT215LN,31.79,21.12,23.6,21.92,33.58,
2039,INCOMELT215LN,31.18,20.64,23.22,21.55,33.18,
2040,INCOMELT215LN,30.53,20.09,22.78,21.17,32.73,
2041,INCOMELT215LN,29.87,19.45,22.13,20.74,32.25,
2042,INCOMELT215LN,29.21,18.78,21.34,20.22,31.73,
2043,INCOMELT215LN,28.59,18.11,20.52,19.68,31.24,
2044,INCOMELT215LN,28.01,17.5,19.71,19.15,30.8,
2045,INCOMELT215LN,27.47,16.94,18.97,18.65,30.41,
2046,INCOMELT215LN,26.98,16.43,18.26,18.16,29.64,
2047,INCOMELT215LN,26.39,15.87,17.55,17.62,29.44,
2048,INCOMELT215LN,25.68,15.23,16.78,16.97,29.14,
2049,INCOMELT215LN,24.85,14.51,15.98,16.19,28.39,
2050,INCOMELT215LN,23.82,13.62,15.1,15.28,27.41,
2051,INCOMELT215LN,22.62,12.63,14.19,14.3,26.44,
2052,INCOMELT215LN,21.25,11.56,13.26,13.27,25.46,
2053,INCOMELT215LN,19.84,10.51,12.33,12.21,24.48,
2054,INCOMELT215LN,18.54,9.559,11.43,11.21,23.28,
2055,INCOMELT215LN,17.41,8.746,10.59,10.3,21.83,
2056,INCOMELT215LN,16.44,8.054,9.829,9.488,20.34,
2057,INCOMELT215LN,15.59,7.456,9.143,8.769,18.99,
2058,INCOMELT215LN,14.84,6.926,8.525,8.126,17.82,
2059,INCOMELT215LN,14.16,6.454,7.952,7.545,16.82,
2060,INCOMELT215LN,13.54,6.033,7.411,7.012,15.95,
2061,INCOMELT215LN,12.98,5.653,6.92,6.527,15.16,
2062,INCOMELT215LN,12.46,5.307,6.474,6.085,14.45,
2063,INCOMELT215LN,11.97,4.987,6.056,5.669,13.8,
2064,INCOMELT215LN,11.52,4.685,5.666,5.28,13.2,
2065,INCOMELT215LN,11.11,4.412,5.297,4.917,12.63,
2066,INCOMELT215LN,10.72,4.145,4.949,4.576,12.09,
2067,INCOMELT215LN,10.34,3.889,4.619,4.259,11.59,
2068,INCOMELT215LN,9.972,3.649,4.306,3.956,11.12,
2069,INCOMELT215LN,9.64,3.43,4.014,3.683,10.69,
2070,INCOMELT215LN,9.317,3.216,3.723,3.419,10.27,
2071,INCOMELT215LN,9.007,3.013,3.445,3.163,9.881,
2072,INCOMELT215LN,8.719,2.823,3.183,2.917,9.507,
2073,INCOMELT215LN,8.453,2.644,2.938,2.684,9.157,
2074,INCOMELT215LN,8.208,2.476,2.712,2.469,8.834,
2075,INCOMELT215LN,7.981,2.317,2.5,2.275,8.536,
2076,INCOMELT215LN,7.767,2.169,2.303,2.097,8.255,
2077,INCOMELT215LN,7.559,2.029,2.123,1.933,7.989,
2078,INCOMELT215LN,7.353,1.897,1.958,1.78,7.731,
2079,INCOMELT215LN,7.143,1.769,1.807,1.639,7.476,
2080,INCOMELT215LN,6.932,1.649,1.666,1.507,7.226,
2081,INCOMELT215LN,6.713,1.534,1.535,1.383,6.977,
2082,INCOMELT215LN,6.489,1.425,1.413,1.268,6.727,
2083,INCOMELT215LN,6.26,1.322,1.301,1.159,6.473,
2084,INCOMELT215LN,6.029,1.224,1.198,1.06,6.217,
2085,INCOMELT215LN,5.8,1.134,1.102,0.97,5.963,
2086,INCOMELT215LN,5.573,1.049,1.015,0.887,5.714,
2087,INCOMELT215LN,5.35,0.97,0.937,0.813,5.472,
2088,INCOMELT215LN,5.132,0.897,0.866,0.746,5.241,
2089,INCOMELT215LN,4.92,0.83,0.801,0.686,5.02,
2090,INCOMELT215LN,4.712,0.768,0.742,0.631,4.806,
2091,INCOMELT215LN,4.512,0.712,0.689,0.582,4.598,
2092,INCOMELT215LN,4.32,0.661,0.641,0.538,4.398,
2093,INCOMELT215LN,4.128,0.614,0.598,0.498,4.205,
2094,INCOMELT215LN,3.944,0.571,0.558,0.463,4.011,
2095,INCOMELT215LN,3.763,0.532,0.522,0.43,3.826,
2096,INCOMELT215LN,3.586,0.495,0.488,0.4,3.648,
2097,INCOMELT215LN,3.417,0.461,0.457,0.372,3.48,
2098,INCOMELT215LN,3.256,0.429,0.428,0.347,3.319,
2099,INCOMELT215LN,3.101,0.399,0.402,0.323,3.164,
2100,INCOMELT215LN,2.955,0.373,0.377,0.301,3.017,
2019,HDI,0.886,0.886,0.886,0.886,0.886,
2020,HDI,0.884,0.884,0.884,0.884,0.884,
2021,HDI,0.889,0.889,0.889,0.889,0.889,
2022,HDI,0.891,0.891,0.891,0.891,0.891,
2023,HDI,0.894,0.894,0.894,0.894,0.894,
2024,HDI,0.896,0.896,0.896,0.896,0.896,
2025,HDI,0.898,0.898,0.898,0.898,0.898,
2026,HDI,0.9,0.9,0.9,0.9,0.9,
2027,HDI,0.903,0.903,0.903,0.903,0.903,
2028,HDI,0.905,0.906,0.906,0.905,0.905,
2029,HDI,0.908,0.909,0.908,0.908,0.907,
2030,HDI,0.91,0.911,0.911,0.911,0.91,
2031,HDI,0.913,0.914,0.914,0.913,0.912,
2032,HDI,0.915,0.917,0.916,0.916,0.915,
2033,HDI,0.918,0.92,0.919,0.919,0.917,
2034,HDI,0.92,0.923,0.922,0.922,0.919,
2035,HDI,0.923,0.926,0.925,0.924,0.922,
2036,HDI,0.925,0.929,0.927,0.927,0.924,
2037,HDI,0.927,0.931,0.93,0.93,0.926,
2038,HDI,0.93,0.934,0.933,0.932,0.928,
2039,HDI,0.932,0.937,0.936,0.935,0.931,
2040,HDI,0.934,0.94,0.938,0.938,0.933,
2041,HDI,0.937,0.943,0.941,0.94,0.935,
2042,HDI,0.939,0.945,0.944,0.943,0.937,
2043,HDI,0.941,0.948,0.946,0.946,0.94,
2044,HDI,0.944,0.951,0.949,0.948,0.942,
2045,HDI,0.946,0.954,0.952,0.951,0.944,
2046,HDI,0.948,0.956,0.955,0.954,0.946,
2047,HDI,0.951,0.959,0.957,0.956,0.948,
2048,HDI,0.953,0.961,0.96,0.959,0.95,
2049,HDI,0.955,0.964,0.962,0.961,0.952,
2050,HDI,0.957,0.966,0.965,0.963,0.954,
2051,HDI,0.958,0.969,0.967,0.966,0.956,
2052,HDI,0.96,0.971,0.969,0.968,0.958,
2053,HDI,0.962,0.973,0.972,0.97,0.96,
2054,HDI,0.964,0.975,0.974,0.973,0.961,
2055,HDI,0.966,0.976,0.976,0.975,0.963,
2056,HDI,0.967,0.977,0.977,0.976,0.965,
2057,HDI,0.969,0.978,0.979,0.978,0.967,
2058,HDI,0.971,0.98,0.98,0.979,0.968,
2059,HDI,0.973,0.981,0.981,0.98,0.97,
2060,HDI,0.974,0.982,0.982,0.981,0.972,
2061,HDI,0.975,0.983,0.983,0.982,0.973,
2062,HDI,0.976,0.984,0.984,0.983,0.974,
2063,HDI,0.976,0.985,0.985,0.984,0.975,
2064,HDI,0.977,0.985,0.986,0.985,0.976,
2065,HDI,0.978,0.986,0.987,0.986,0.977,
2066,HDI,0.979,0.987,0.988,0.987,0.977,
2067,HDI,0.98,0.988,0.989,0.988,0.978,
2068,HDI,0.981,0.989,0.99,0.989,0.979,
2069,HDI,0.982,0.989,0.991,0.989,0.98,
2070,HDI,0.982,0.99,0.991,0.99,0.981,
2071,HDI,0.983,0.991,0.992,0.991,0.982,
2072,HDI,0.984,0.991,0.993,0.992,0.982,
2073,HDI,0.985,0.992,0.993,0.992,0.983,
2074,HDI,0.985,0.993,0.994,0.993,0.984,
2075,HDI,0.986,0.993,0.995,0.994,0.985,
2076,HDI,0.987,0.994,0.996,0.994,0.985,
2077,HDI,0.987,0.994,0.996,0.995,0.986,
2078,HDI,0.988,0.995,0.997,0.996,0.987,
2079,HDI,0.988,0.995,0.997,0.996,0.987,
2080,HDI,0.989,0.996,0.998,0.997,0.988,
2081,HDI,0.989,0.996,0.998,0.997,0.988,
2082,HDI,0.99,0.997,0.999,0.998,0.989,
2083,HDI,0.99,0.997,0.999,0.998,0.989,
2084,HDI,0.991,0.998,0.999,0.999,0.99,
2085,HDI,0.991,0.998,0.999,0.999,0.99,
2086,HDI,0.992,0.998,0.999,0.999,0.991,
2087,HDI,0.992,0.999,1,0.999,0.991,
2088,HDI,0.993,0.999,1,1,0.992,
2089,HDI,0.993,0.999,1,1,0.993,
2090,HDI,0.994,1,1,1,0.993,
2091,HDI,0.994,1,1,1,0.994,
2092,HDI,0.994,1,1,1,0.994,
2093,HDI,0.995,1,1,1,0.995,
2094,HDI,0.995,1,1,1,0.995,
2095,HDI,0.996,1,1,1,0.996,
2096,HDI,0.996,1,1,1,0.996,
2097,HDI,0.997,1,1,1,0.996,
2098,HDI,0.997,1,1,1,0.997,
2099,HDI,0.997,1,1,1,0.997,
2100,HDI,0.998,1,1,1,0.998,
2019,ENP_oil,11.55,11.55,11.55,11.55,11.55,
2020,ENP_oil,11.46,11.46,11.46,11.46,11.46,
2021,ENP_oil,11.29,11.29,11.29,11.29,11.29,
2022,ENP_oil,11.23,11.23,11.23,11.23,11.23,
2023,ENP_oil,11.08,11.08,11.08,11.08,11.08,
2024,ENP_oil,10.91,10.91,10.91,10.9,10.91,
2025,ENP_oil,10.75,10.75,10.56,10.6,10.75,
2026,ENP_oil,10.47,10.47,10.17,10.33,10.59,
2027,ENP_oil,10.06,10.06,9.823,10.07,10.45,
2028,ENP_oil,9.561,9.553,9.496,9.804,10.33,
2029,ENP_oil,9.012,9.007,9.145,9.491,10.25,
2030,ENP_oil,8.453,8.457,8.744,9.137,10.17,
2031,ENP_oil,7.912,7.929,8.334,8.79,10.09,
2032,ENP_oil,7.418,7.453,7.934,8.418,9.982,
2033,ENP_oil,6.969,7.024,7.544,8.076,9.854,
2034,ENP_oil,6.563,6.64,7.202,7.784,9.71,
2035,ENP_oil,6.198,6.298,6.918,7.542,9.555,
2036,ENP_oil,5.872,5.991,6.672,7.334,9.433,
2037,ENP_oil,5.569,5.706,6.435,7.138,9.287,
2038,ENP_oil,5.243,5.392,6.187,6.936,9.158,
2039,ENP_oil,4.892,5.046,5.926,6.716,8.99,
2040,ENP_oil,4.536,4.689,5.664,6.474,8.822,
2041,ENP_oil,4.194,4.341,5.403,6.228,8.631,
2042,ENP_oil,3.874,4.015,5.137,5.995,8.444,
2043,ENP_oil,3.577,3.71,4.875,5.765,8.23,
2044,ENP_oil,3.302,3.429,4.627,5.542,8.014,
2045,ENP_oil,3.05,3.172,4.396,5.325,7.794,
2046,ENP_oil,2.819,2.937,4.188,5.112,7.583,
2047,ENP_oil,2.61,2.725,4.001,4.906,7.374,
2048,ENP_oil,2.443,2.557,3.835,4.712,7.188,
2049,ENP_oil,2.302,2.417,3.689,4.527,7.012,
2050,ENP_oil,2.177,2.294,3.561,4.353,6.848,
2051,ENP_oil,2.065,2.184,3.446,4.191,6.686,
2052,ENP_oil,1.965,2.09,3.341,4.045,6.529,
2053,ENP_oil,1.879,2.006,3.239,3.913,6.377,
2054,ENP_oil,1.797,1.929,3.137,3.796,6.23,
2055,ENP_oil,1.72,1.848,3.031,3.69,6.086,
2056,ENP_oil,1.639,1.764,2.921,3.592,5.948,
2057,ENP_oil,1.555,1.672,2.81,3.499,5.816,
2058,ENP_oil,1.465,1.574,2.701,3.408,5.691,
2059,ENP_oil,1.375,1.478,2.594,3.318,5.571,
2060,ENP_oil,1.287,1.385,2.492,3.227,5.462,
2061,ENP_oil,1.203,1.297,2.393,3.136,5.359,
2062,ENP_oil,1.122,1.213,2.299,3.047,5.267,
2063,ENP_oil,1.046,1.133,2.211,2.963,5.184,
2064,ENP_oil,0.973,1.058,2.127,2.881,5.111,
2065,ENP_oil,0.904,0.986,2.047,2.803,5.043,
2066,ENP_oil,0.842,0.923,1.972,2.728,4.981,
2067,ENP_oil,0.786,0.866,1.9,2.657,4.922,
2068,ENP_oil,0.734,0.814,1.832,2.59,4.867,
2069,ENP_oil,0.687,0.766,1.767,2.526,4.812,
2070,ENP_oil,0.643,0.722,1.704,2.466,4.759,
2071,ENP_oil,0.604,0.682,1.644,2.407,4.705,
2072,ENP_oil,0.569,0.646,1.586,2.35,4.656,
2073,ENP_oil,0.536,0.612,1.531,2.294,4.599,
2074,ENP_oil,0.507,0.58,1.478,2.238,4.544,
2075,ENP_oil,0.479,0.551,1.428,2.182,4.489,
2076,ENP_oil,0.452,0.521,1.38,2.127,4.435,
2077,ENP_oil,0.427,0.494,1.335,2.072,4.381,
2078,ENP_oil,0.403,0.466,1.292,2.018,4.328,
2079,ENP_oil,0.379,0.44,1.251,1.966,4.273,
2080,ENP_oil,0.356,0.413,1.212,1.916,4.214,
2081,ENP_oil,0.334,0.388,1.175,1.866,4.152,
2082,ENP_oil,0.312,0.364,1.139,1.815,4.087,
2083,ENP_oil,0.292,0.341,1.105,1.763,4.02,
2084,ENP_oil,0.272,0.318,1.073,1.711,3.951,
2085,ENP_oil,0.253,0.297,1.043,1.66,3.88,
2086,ENP_oil,0.236,0.278,1.014,1.61,3.81,
2087,ENP_oil,0.219,0.259,0.986,1.561,3.739,
2088,ENP_oil,0.204,0.241,0.957,1.514,3.668,
2089,ENP_oil,0.19,0.225,0.927,1.468,3.599,
2090,ENP_oil,0.176,0.21,0.899,1.423,3.528,
2091,ENP_oil,0.164,0.196,0.87,1.379,3.458,
2092,ENP_oil,0.152,0.183,0.843,1.338,3.387,
2093,ENP_oil,0.142,0.171,0.817,1.298,3.316,
2094,ENP_oil,0.133,0.161,0.792,1.26,3.246,
2095,ENP_oil,0.125,0.151,0.768,1.225,3.175,
2096,ENP_oil,0.117,0.142,0.745,1.191,3.104,
2097,ENP_oil,0.11,0.134,0.723,1.159,3.033,
2098,ENP_oil,0.103,0.126,0.703,1.129,2.962,
2099,ENP_oil,0.097,0.119,0.684,1.1,2.89,
2100,ENP_oil,0.092,0.112,0.665,1.072,2.819,
2019,ENP_gas,9.363,9.363,9.363,9.363,9.363,
2020,ENP_gas,9.432,9.432,9.432,9.432,9.432,
2021,ENP_gas,9.52,9.52,9.52,9.52,9.52,
2022,ENP_gas,9.646,9.646,9.646,9.646,9.646,
2023,ENP_gas,9.681,9.681,9.68,9.681,9.681,
2024,ENP_gas,9.747,9.747,9.747,9.741,9.747,
2025,ENP_gas,9.796,9.797,9.604,9.637,9.797,
2026,ENP_gas,9.733,9.731,9.463,9.568,9.857,
2027,ENP_gas,9.543,9.536,9.339,9.517,9.945,
2028,ENP_gas,9.271,9.262,9.241,9.484,10.08,
2029,ENP_gas,8.95,8.944,9.095,9.391,10.26,
2030,ENP_gas,8.614,8.617,8.859,9.234,10.49,
2031,ENP_gas,8.287,8.305,8.682,9.13,10.73,
2032,ENP_gas,7.998,8.034,8.488,8.972,10.96,
2033,ENP_gas,7.747,7.806,8.298,8.822,11.16,
2034,ENP_gas,7.528,7.611,8.144,8.713,11.37,
2035,ENP_gas,7.327,7.436,8.027,8.651,11.57,
2036,ENP_gas,7.138,7.273,7.937,8.628,11.8,
2037,ENP_gas,6.953,7.113,7.854,8.621,12.04,
2038,ENP_gas,6.73,6.909,7.76,8.609,12.28,
2039,ENP_gas,6.469,6.66,7.639,8.57,12.46,
2040,ENP_gas,6.179,6.377,7.489,8.495,12.64,
2041,ENP_gas,5.875,6.076,7.312,8.394,12.79,
2042,ENP_gas,5.569,5.771,7.116,8.274,12.93,
2043,ENP_gas,5.268,5.469,6.91,8.144,13.05,
2044,ENP_gas,4.976,5.177,6.71,8.008,13.15,
2045,ENP_gas,4.698,4.898,6.519,7.87,13.21,
2046,ENP_gas,4.434,4.634,6.347,7.727,13.24,
2047,ENP_gas,4.189,4.39,6.196,7.581,13.2,
2048,ENP_gas,3.994,4.198,6.069,7.436,13.17,
2049,ENP_gas,3.827,4.038,5.965,7.293,13.08,
2050,ENP_gas,3.681,3.899,5.885,7.157,13.02,
2051,ENP_gas,3.547,3.775,5.824,7.034,12.92,
2052,ENP_gas,3.432,3.677,5.776,6.927,12.86,
2053,ENP_gas,3.338,3.588,5.735,6.839,12.76,
2054,ENP_gas,3.249,3.517,5.689,6.771,12.69,
2055,ENP_gas,3.174,3.446,5.635,6.72,12.63,
2056,ENP_gas,3.091,3.37,5.568,6.682,12.57,
2057,ENP_gas,3.004,3.284,5.492,6.65,12.52,
2058,ENP_gas,2.904,3.178,5.411,6.618,12.47,
2059,ENP_gas,2.797,3.069,5.326,6.583,12.42,
2060,ENP_gas,2.689,2.956,5.241,6.543,12.34,
2061,ENP_gas,2.579,2.848,5.155,6.502,12.23,
2062,ENP_gas,2.473,2.729,5.074,6.452,12.11,
2063,ENP_gas,2.371,2.614,4.997,6.404,12,
2064,ENP_gas,2.269,2.504,4.924,6.358,11.9,
2065,ENP_gas,2.175,2.398,4.855,6.317,11.81,
2066,ENP_gas,2.086,2.306,4.789,6.281,11.78,
2067,ENP_gas,2.007,2.22,4.726,6.248,11.72,
2068,ENP_gas,1.932,2.143,4.664,6.22,11.7,
2069,ENP_gas,1.865,2.069,4.603,6.198,11.71,
2070,ENP_gas,1.802,2.005,4.542,6.183,11.68,
2071,ENP_gas,1.746,1.946,4.479,6.173,11.68,
2072,ENP_gas,1.694,1.898,4.42,6.165,11.67,
2073,ENP_gas,1.644,1.853,4.356,6.16,11.59,
2074,ENP_gas,1.599,1.814,4.296,6.151,11.54,
2075,ENP_gas,1.557,1.781,4.23,6.143,11.5,
2076,ENP_gas,1.519,1.746,4.166,6.132,11.46,
2077,ENP_gas,1.485,1.712,4.1,6.119,11.41,
2078,ENP_gas,1.448,1.675,4.035,6.1,11.38,
2079,ENP_gas,1.413,1.638,3.969,6.077,11.33,
2080,ENP_gas,1.377,1.596,3.903,6.052,11.28,
2081,ENP_gas,1.341,1.553,3.837,6.018,11.24,
2082,ENP_gas,1.302,1.507,3.77,5.981,11.22,
2083,ENP_gas,1.263,1.464,3.703,5.941,11.21,
2084,ENP_gas,1.223,1.418,3.635,5.902,11.18,
2085,ENP_gas,1.182,1.373,3.569,5.863,11.16,
2086,ENP_gas,1.142,1.33,3.505,5.827,11.14,
2087,ENP_gas,1.104,1.288,3.443,5.793,11.12,
2088,ENP_gas,1.065,1.246,3.384,5.76,11.11,
2089,ENP_gas,1.027,1.207,3.328,5.728,11.1,
2090,ENP_gas,0.991,1.169,3.275,5.698,11.09,
2091,ENP_gas,0.956,1.134,3.225,5.67,11.04,
2092,ENP_gas,0.922,1.1,3.176,5.645,10.94,
2093,ENP_gas,0.893,1.071,3.128,5.623,10.85,
2094,ENP_gas,0.868,1.047,3.081,5.604,10.74,
2095,ENP_gas,0.845,1.027,3.036,5.589,10.61,
2096,ENP_gas,0.826,1.012,2.993,5.575,10.48,
2097,ENP_gas,0.811,1,2.951,5.563,10.34,
2098,ENP_gas,0.8,0.993,2.912,5.555,10.21,
2099,ENP_gas,0.791,0.988,2.875,5.55,10.07,
2100,ENP_gas,0.784,0.985,2.84,5.548,9.936,
2019,ENP_coal,19.34,19.34,19.34,19.34,19.34,
2020,ENP_coal,19.62,19.62,19.62,19.62,19.62,
2021,ENP_coal,20.03,20.03,20.03,20.03,20.03,
2022,ENP_coal,20.42,20.42,20.42,20.42,20.42,
2023,ENP_coal,20.86,20.86,20.86,20.86,20.86,
2024,ENP_coal,21.21,21.21,21.21,21.21,21.21,
2025,ENP_coal,21.51,21.51,21.3,21.42,21.51,
2026,ENP_coal,21.41,21.4,21.34,21.62,21.82,
2027,ENP_coal,20.95,20.94,21.37,21.83,22.19,
2028,ENP_coal,20.24,20.23,21.37,22.01,22.6,
2029,ENP_coal,19.46,19.45,21.35,22.18,23.08,
2030,ENP_coal,18.68,18.69,21.3,22.28,23.6,
2031,ENP_coal,17.97,18,21.21,22.3,24.1,
2032,ENP_coal,17.44,17.5,21.13,22.29,24.35,
2033,ENP_coal,17.01,17.11,21.07,22.27,24.44,
2034,ENP_coal,16.66,16.79,21.03,22.29,24.45,
2035,ENP_coal,16.32,16.48,20.98,22.36,24.41,
2036,ENP_coal,16,16.2,20.94,22.47,24.26,
2037,ENP_coal,15.67,15.9,20.9,22.52,24.11,
2038,ENP_coal,15.27,15.52,20.83,22.5,23.98,
2039,ENP_coal,14.82,15.07,20.71,22.41,23.85,
2040,ENP_coal,14.36,14.61,20.52,22.28,23.74,
2041,ENP_coal,13.92,14.17,20.29,22.11,23.64,
2042,ENP_coal,13.52,13.79,20.01,21.92,23.53,
2043,ENP_coal,13.07,13.35,19.71,21.73,23.42,
2044,ENP_coal,12.55,12.86,19.41,21.55,23.3,
2045,ENP_coal,11.98,12.31,19.12,21.36,23.17,
2046,ENP_coal,11.39,11.73,18.81,21.18,23.04,
2047,ENP_coal,10.81,11.17,18.49,21.01,22.9,
2048,ENP_coal,10.3,10.68,18.2,20.84,22.76,
2049,ENP_coal,9.814,10.19,17.98,20.62,22.63,
2050,ENP_coal,9.358,9.731,17.85,20.36,22.5,
2051,ENP_coal,8.951,9.302,17.81,20.08,22.36,
2052,ENP_coal,8.613,8.974,17.81,19.81,22.22,
2053,ENP_coal,8.291,8.654,17.81,19.56,22.08,
2054,ENP_coal,7.973,8.331,17.76,19.38,21.94,
2055,ENP_coal,7.656,8.005,17.66,19.24,21.8,
2056,ENP_coal,7.366,7.699,17.51,19.15,21.68,
2057,ENP_coal,6.975,7.285,17.33,19.08,21.56,
2058,ENP_coal,6.644,6.938,17.12,18.98,21.45,
2059,ENP_coal,6.262,6.542,16.91,18.85,21.35,
2060,ENP_coal,5.953,6.193,16.69,18.69,21.26,
2061,ENP_coal,5.606,5.864,16.48,18.51,21.18,
2062,ENP_coal,5.296,5.546,16.28,18.28,21.1,
2063,ENP_coal,4.999,5.256,16.08,18.04,21.01,
2064,ENP_coal,4.726,4.97,15.9,17.81,20.9,
2065,ENP_coal,4.462,4.705,15.72,17.58,20.71,
2066,ENP_coal,4.245,4.486,15.54,17.35,20.47,
2067,ENP_coal,4.04,4.278,15.36,17.13,20.18,
2068,ENP_coal,3.844,4.079,15.18,16.91,19.87,
2069,ENP_coal,3.658,3.888,14.99,16.69,19.52,
2070,ENP_coal,3.48,3.707,14.8,16.48,19.16,
2071,ENP_coal,3.312,3.535,14.6,16.27,18.77,
2072,ENP_coal,3.155,3.372,14.39,16.06,18.36,
2073,ENP_coal,3.003,3.215,14.18,15.84,17.91,
2074,ENP_coal,2.86,3.08,13.96,15.62,17.47,
2075,ENP_coal,2.723,2.924,13.73,15.39,17.05,
2076,ENP_coal,2.605,2.797,13.5,15.14,16.63,
2077,ENP_coal,2.466,2.647,13.26,14.88,16.23,
2078,ENP_coal,2.354,2.528,13.02,14.62,15.86,
2079,ENP_coal,2.227,2.392,12.77,14.35,15.48,
2080,ENP_coal,2.124,2.282,12.53,14.07,15.1,
2081,ENP_coal,2.007,2.158,12.29,13.8,14.72,
2082,ENP_coal,1.911,2.047,12.04,13.52,14.35,
2083,ENP_coal,1.804,1.941,11.79,13.24,13.97,
2084,ENP_coal,1.709,1.841,11.54,12.96,13.61,
2085,ENP_coal,1.619,1.746,11.29,12.68,13.25,
2086,ENP_coal,1.533,1.655,11.04,12.4,12.9,
2087,ENP_coal,1.453,1.569,10.8,12.13,12.56,
2088,ENP_coal,1.376,1.488,10.56,11.85,12.22,
2089,ENP_coal,1.303,1.411,10.32,11.56,11.89,
2090,ENP_coal,1.235,1.338,10.09,11.28,11.56,
2091,ENP_coal,1.17,1.269,9.859,10.99,11.24,
2092,ENP_coal,1.108,1.203,9.625,10.7,10.92,
2093,ENP_coal,1.054,1.145,9.387,10.42,10.61,
2094,ENP_coal,1.002,1.09,9.147,10.14,10.3,
2095,ENP_coal,0.953,1.038,8.907,9.862,10.01,
2096,ENP_coal,0.906,0.988,8.668,9.589,9.714,
2097,ENP_coal,0.862,0.94,8.432,9.321,9.43,
2098,ENP_coal,0.821,0.895,8.198,9.058,9.153,
2099,ENP_coal,0.781,0.853,7.967,8.8,8.884,
2100,ENP_coal,0.743,0.812,7.739,8.547,8.621,
2019,ENP_hydro,1.388,1.388,1.388,1.388,1.388,
2020,ENP_hydro,1.395,1.395,1.395,1.395,1.395,
2021,ENP_hydro,1.409,1.409,1.409,1.409,1.409,
2022,ENP_hydro,1.418,1.418,1.418,1.418,1.418,
2023,ENP_hydro,1.426,1.426,1.426,1.426,1.426,
2024,ENP_hydro,1.428,1.428,1.428,1.43,1.428,
2025,ENP_hydro,1.498,1.498,1.468,1.464,1.428,
2026,ENP_hydro,1.578,1.578,1.53,1.518,1.427,
2027,ENP_hydro,1.652,1.651,1.617,1.589,1.429,
2028,ENP_hydro,1.713,1.713,1.729,1.673,1.433,
2029,ENP_hydro,1.77,1.77,1.832,1.735,1.442,
2030,ENP_hydro,1.777,1.779,1.915,1.773,1.455,
2031,ENP_hydro,1.764,1.769,1.949,1.781,1.468,
2032,ENP_hydro,1.758,1.767,1.984,1.789,1.479,
2033,ENP_hydro,1.759,1.771,2.01,1.803,1.488,
2034,ENP_hydro,1.765,1.781,2.035,1.828,1.496,
2035,ENP_hydro,1.773,1.793,2.065,1.861,1.505,
2036,ENP_hydro,1.784,1.807,2.098,1.894,1.514,
2037,ENP_hydro,1.795,1.82,2.129,1.924,1.524,
2038,ENP_hydro,1.796,1.822,2.152,1.953,1.534,
2039,ENP_hydro,1.789,1.815,2.165,1.979,1.542,
2040,ENP_hydro,1.78,1.805,2.171,2.001,1.55,
2041,ENP_hydro,1.771,1.795,2.17,2.02,1.557,
2042,ENP_hydro,1.765,1.788,2.166,2.035,1.563,
2043,ENP_hydro,1.759,1.781,2.155,2.041,1.568,
2044,ENP_hydro,1.754,1.776,2.142,2.04,1.572,
2045,ENP_hydro,1.75,1.772,2.13,2.035,1.574,
2046,ENP_hydro,1.747,1.77,2.122,2.027,1.574,
2047,ENP_hydro,1.75,1.774,2.12,2.018,1.574,
2048,ENP_hydro,1.765,1.793,2.123,2.017,1.574,
2049,ENP_hydro,1.781,1.813,2.13,2.013,1.573,
2050,ENP_hydro,1.796,1.831,2.141,2.009,1.571,
2051,ENP_hydro,1.807,1.845,2.153,2.007,1.568,
2052,ENP_hydro,1.819,1.86,2.162,2.007,1.565,
2053,ENP_hydro,1.829,1.87,2.166,2.008,1.562,
2054,ENP_hydro,1.833,1.873,2.166,2.01,1.558,
2055,ENP_hydro,1.83,1.867,2.161,2.012,1.554,
2056,ENP_hydro,1.825,1.859,2.153,2.013,1.549,
2057,ENP_hydro,1.798,1.828,2.142,2.011,1.544,
2058,ENP_hydro,1.775,1.803,2.131,2.006,1.539,
2059,ENP_hydro,1.74,1.767,2.119,1.999,1.533,
2060,ENP_hydro,1.714,1.736,2.116,1.989,1.529,
2061,ENP_hydro,1.681,1.707,2.108,1.978,1.524,
2062,ENP_hydro,1.651,1.679,2.1,1.967,1.519,
2063,ENP_hydro,1.622,1.653,2.093,1.957,1.515,
2064,ENP_hydro,1.595,1.628,2.086,1.946,1.51,
2065,ENP_hydro,1.57,1.605,2.079,1.935,1.505,
2066,ENP_hydro,1.554,1.592,2.072,1.925,1.5,
2067,ENP_hydro,1.541,1.581,2.064,1.915,1.495,
2068,ENP_hydro,1.531,1.572,2.056,1.905,1.489,
2069,ENP_hydro,1.52,1.563,2.047,1.895,1.483,
2070,ENP_hydro,1.509,1.553,2.039,1.885,1.477,
2071,ENP_hydro,1.498,1.543,2.03,1.874,1.47,
2072,ENP_hydro,1.488,1.533,2.02,1.863,1.463,
2073,ENP_hydro,1.476,1.522,2.011,1.851,1.453,
2074,ENP_hydro,1.464,1.513,2.002,1.839,1.445,
2075,ENP_hydro,1.451,1.496,1.992,1.827,1.437,
2076,ENP_hydro,1.442,1.484,1.981,1.815,1.428,
2077,ENP_hydro,1.423,1.464,1.971,1.802,1.42,
2078,ENP_hydro,1.409,1.45,1.961,1.789,1.412,
2079,ENP_hydro,1.388,1.428,1.952,1.777,1.403,
2080,ENP_hydro,1.372,1.413,1.942,1.765,1.394,
2081,ENP_hydro,1.349,1.391,1.932,1.753,1.385,
2082,ENP_hydro,1.333,1.371,1.922,1.741,1.376,
2083,ENP_hydro,1.31,1.352,1.911,1.729,1.366,
2084,ENP_hydro,1.29,1.334,1.901,1.717,1.357,
2085,ENP_hydro,1.271,1.316,1.891,1.705,1.347,
2086,ENP_hydro,1.252,1.299,1.881,1.693,1.338,
2087,ENP_hydro,1.234,1.282,1.871,1.681,1.328,
2088,ENP_hydro,1.216,1.266,1.861,1.668,1.319,
2089,ENP_hydro,1.199,1.25,1.851,1.655,1.309,
2090,ENP_hydro,1.182,1.235,1.84,1.642,1.3,
2091,ENP_hydro,1.166,1.219,1.828,1.629,1.29,
2092,ENP_hydro,1.15,1.205,1.816,1.616,1.281,
2093,ENP_hydro,1.138,1.194,1.803,1.602,1.271,
2094,ENP_hydro,1.126,1.183,1.79,1.589,1.261,
2095,ENP_hydro,1.115,1.172,1.777,1.576,1.252,
2096,ENP_hydro,1.103,1.161,1.763,1.562,1.242,
2097,ENP_hydro,1.091,1.149,1.75,1.549,1.233,
2098,ENP_hydro,1.078,1.136,1.736,1.537,1.224,
2099,ENP_hydro,1.066,1.124,1.722,1.524,1.215,
2100,ENP_hydro,1.052,1.11,1.708,1.511,1.206,
2019,ENP_nuclear,1.139,1.139,1.139,1.139,1.139,
2020,ENP_nuclear,1.146,1.146,1.146,1.146,1.146,
2021,ENP_nuclear,1.158,1.158,1.158,1.158,1.158,
2022,ENP_nuclear,1.161,1.161,1.161,1.161,1.161,
2023,ENP_nuclear,1.154,1.154,1.154,1.154,1.154,
2024,ENP_nuclear,1.145,1.145,1.145,1.145,1.145,
2025,ENP_nuclear,1.247,1.247,1.137,1.143,1.134,
2026,ENP_nuclear,1.328,1.328,1.128,1.15,1.123,
2027,ENP_nuclear,1.386,1.386,1.121,1.16,1.115,
2028,ENP_nuclear,1.427,1.426,1.116,1.173,1.112,
2029,ENP_nuclear,1.458,1.457,1.114,1.187,1.113,
2030,ENP_nuclear,1.406,1.407,1.109,1.199,1.117,
2031,ENP_nuclear,1.363,1.366,1.093,1.192,1.12,
2032,ENP_nuclear,1.332,1.339,1.072,1.171,1.12,
2033,ENP_nuclear,1.313,1.322,1.053,1.153,1.117,
2034,ENP_nuclear,1.3,1.314,1.038,1.141,1.114,
2035,ENP_nuclear,1.292,1.308,1.028,1.135,1.111,
2036,ENP_nuclear,1.285,1.305,1.02,1.133,1.113,
2037,ENP_nuclear,1.278,1.301,1.012,1.131,1.111,
2038,ENP_nuclear,1.263,1.288,1.002,1.127,1.111,
2039,ENP_nuclear,1.242,1.266,0.989,1.119,1.106,
2040,ENP_nuclear,1.216,1.241,0.972,1.106,1.099,
2041,ENP_nuclear,1.191,1.214,0.952,1.09,1.091,
2042,ENP_nuclear,1.166,1.189,0.931,1.073,1.082,
2043,ENP_nuclear,1.142,1.164,0.91,1.054,1.073,
2044,ENP_nuclear,1.117,1.139,0.889,1.035,1.062,
2045,ENP_nuclear,1.093,1.115,0.871,1.016,1.05,
2046,ENP_nuclear,1.069,1.092,0.854,0.997,1.037,
2047,ENP_nuclear,1.048,1.071,0.841,0.977,1.024,
2048,ENP_nuclear,1.035,1.06,0.83,0.958,1.01,
2049,ENP_nuclear,1.022,1.049,0.821,0.94,0.995,
2050,ENP_nuclear,1.009,1.037,0.815,0.922,0.98,
2051,ENP_nuclear,0.992,1.022,0.809,0.906,0.965,
2052,ENP_nuclear,0.979,1.012,0.802,0.891,0.949,
2053,ENP_nuclear,0.966,0.998,0.795,0.878,0.932,
2054,ENP_nuclear,0.95,0.984,0.787,0.866,0.915,
2055,ENP_nuclear,0.933,0.964,0.776,0.855,0.897,
2056,ENP_nuclear,0.914,0.945,0.763,0.845,0.88,
2057,ENP_nuclear,0.885,0.913,0.75,0.833,0.862,
2058,ENP_nuclear,0.859,0.885,0.735,0.82,0.845,
2059,ENP_nuclear,0.827,0.853,0.721,0.807,0.827,
2060,ENP_nuclear,0.801,0.823,0.707,0.792,0.811,
2061,ENP_nuclear,0.771,0.796,0.693,0.776,0.794,
2062,ENP_nuclear,0.744,0.769,0.68,0.759,0.778,
2063,ENP_nuclear,0.718,0.743,0.667,0.743,0.762,
2064,ENP_nuclear,0.692,0.719,0.655,0.727,0.747,
2065,ENP_nuclear,0.669,0.694,0.643,0.711,0.731,
2066,ENP_nuclear,0.649,0.676,0.63,0.696,0.716,
2067,ENP_nuclear,0.631,0.657,0.618,0.681,0.701,
2068,ENP_nuclear,0.612,0.64,0.606,0.666,0.686,
2069,ENP_nuclear,0.596,0.622,0.594,0.652,0.671,
2070,ENP_nuclear,0.578,0.605,0.582,0.637,0.657,
2071,ENP_nuclear,0.562,0.589,0.57,0.624,0.642,
2072,ENP_nuclear,0.547,0.574,0.558,0.61,0.627,
2073,ENP_nuclear,0.531,0.557,0.547,0.596,0.612,
2074,ENP_nuclear,0.517,0.543,0.535,0.583,0.597,
2075,ENP_nuclear,0.501,0.527,0.523,0.57,0.583,
2076,ENP_nuclear,0.488,0.512,0.511,0.556,0.57,
2077,ENP_nuclear,0.473,0.495,0.5,0.543,0.556,
2078,ENP_nuclear,0.459,0.48,0.488,0.53,0.543,
2079,ENP_nuclear,0.443,0.464,0.477,0.517,0.53,
2080,ENP_nuclear,0.429,0.45,0.466,0.504,0.517,
2081,ENP_nuclear,0.414,0.435,0.455,0.492,0.505,
2082,ENP_nuclear,0.401,0.42,0.444,0.48,0.492,
2083,ENP_nuclear,0.387,0.405,0.433,0.468,0.48,
2084,ENP_nuclear,0.373,0.392,0.423,0.456,0.468,
2085,ENP_nuclear,0.361,0.379,0.413,0.444,0.456,
2086,ENP_nuclear,0.348,0.366,0.403,0.433,0.445,
2087,ENP_nuclear,0.337,0.355,0.393,0.421,0.434,
2088,ENP_nuclear,0.325,0.343,0.384,0.41,0.423,
2089,ENP_nuclear,0.314,0.332,0.375,0.399,0.412,
2090,ENP_nuclear,0.304,0.321,0.366,0.388,0.402,
2091,ENP_nuclear,0.294,0.31,0.357,0.378,0.391,
2092,ENP_nuclear,0.284,0.3,0.348,0.367,0.381,
2093,ENP_nuclear,0.275,0.291,0.339,0.357,0.371,
2094,ENP_nuclear,0.267,0.283,0.33,0.347,0.362,
2095,ENP_nuclear,0.259,0.274,0.322,0.337,0.352,
2096,ENP_nuclear,0.251,0.266,0.313,0.328,0.343,
2097,ENP_nuclear,0.244,0.258,0.305,0.319,0.334,
2098,ENP_nuclear,0.236,0.25,0.297,0.31,0.326,
2099,ENP_nuclear,0.229,0.242,0.289,0.301,0.317,
2100,ENP_nuclear,0.221,0.233,0.281,0.292,0.309,
2019,ENP_others,1.237,1.237,1.237,1.237,1.237,
2020,ENP_others,1.436,1.436,1.436,1.436,1.436,
2021,ENP_others,1.703,1.703,1.703,1.703,1.703,
2022,ENP_others,1.966,1.966,1.966,1.966,1.966,
2023,ENP_others,2.248,2.248,2.248,2.248,2.248,
2024,ENP_others,2.522,2.522,2.522,2.523,2.522,
2025,ENP_others,4.231,4.231,3.14,3.014,2.798,
2026,ENP_others,6.162,6.158,3.914,3.612,3.099,
2027,ENP_others,8.178,8.162,4.911,4.35,3.437,
2028,ENP_others,10.21,10.18,6.174,5.248,3.822,
2029,ENP_others,12.25,12.22,7.691,6.336,4.283,
2030,ENP_others,14.37,14.35,9.574,7.568,4.831,
2031,ENP_others,15.5,15.53,9.557,7.896,5.414,
2032,ENP_others,16.95,17.04,9.848,8.298,6.031,
2033,ENP_others,18.66,18.85,10.35,8.782,6.682,
2034,ENP_others,20.65,20.97,11.02,9.37,7.364,
2035,ENP_others,22.59,23.06,11.69,10.04,8.074,
2036,ENP_others,24.75,25.42,12.38,10.76,8.815,
2037,ENP_others,27.09,27.99,13.07,11.51,9.604,
2038,ENP_others,29.37,30.5,13.72,12.24,10.41,
2039,ENP_others,31.45,32.76,14.29,12.94,11.21,
2040,ENP_others,33.34,34.82,14.79,13.59,12.02,
2041,ENP_others,35.16,36.78,15.21,14.2,12.86,
2042,ENP_others,36.97,38.74,15.59,14.77,13.71,
2043,ENP_others,38.65,40.59,15.94,15.33,14.58,
2044,ENP_others,40.2,42.3,16.3,15.88,15.46,
2045,ENP_others,41.68,43.93,16.67,16.43,16.34,
2046,ENP_others,42.49,44.89,17.1,16.97,17.23,
2047,ENP_others,43.44,46.01,17.59,17.5,18.13,
2048,ENP_others,44.72,47.57,18.16,18.06,19.06,
2049,ENP_others,46.04,49.18,18.83,18.61,20.02,
2050,ENP_others,46.84,50.24,19.63,19.19,21.01,
2051,ENP_others,47.7,51.43,20.53,19.83,22,
2052,ENP_others,48.89,52.99,21.53,20.53,23.01,
2053,ENP_others,50.26,54.8,22.57,21.33,24.03,
2054,ENP_others,51.76,56.72,23.64,22.21,25.05,
2055,ENP_others,53.34,58.69,24.7,23.19,26.07,
2056,ENP_others,55.1,60.73,25.74,24.25,27.1,
2057,ENP_others,55.97,61.7,26.76,25.37,28.14,
2058,ENP_others,57,62.83,27.76,26.52,29.18,
2059,ENP_others,57.37,63.29,28.76,27.67,30.22,
2060,ENP_others,58.07,63.87,29.81,28.8,31.29,
2061,ENP_others,58.2,64.39,30.84,29.92,32.37,
2062,ENP_others,58.43,64.77,31.9,31.01,33.49,
2063,ENP_others,58.57,65.22,32.99,32.1,34.64,
2064,ENP_others,58.76,65.53,34.11,33.2,35.83,
2065,ENP_others,57.66,64.56,35.27,34.31,37.05,
2066,ENP_others,57.09,64.16,36.46,35.45,38.31,
2067,ENP_others,56.58,63.86,37.68,36.61,39.59,
2068,ENP_others,56.13,63.63,38.9,37.79,40.88,
2069,ENP_others,55.73,63.46,40.15,39,42.14,
2070,ENP_others,55.37,63.37,41.39,40.25,43.36,
2071,ENP_others,55.09,63.39,42.63,41.54,44.54,
2072,ENP_others,54.91,63.52,43.88,42.84,45.68,
2073,ENP_others,54.8,63.73,45.13,44.16,46.73,
2074,ENP_others,54.76,64.23,46.37,45.49,47.81,
2075,ENP_others,54.77,64.27,47.59,46.8,48.88,
2076,ENP_others,55.04,64.74,48.8,48.06,49.95,
2077,ENP_others,54.81,64.58,49.98,49.3,51,
2078,ENP_others,54.99,64.84,51.15,50.5,52.04,
2079,ENP_others,54.67,64.48,52.3,51.68,53.04,
2080,ENP_others,54.66,64.48,53.43,52.86,54.03,
2081,ENP_others,54.15,63.9,54.55,54.01,54.98,
2082,ENP_others,53.92,63.43,55.66,55.17,55.92,
2083,ENP_others,53.21,62.88,56.73,56.32,56.84,
2084,ENP_others,52.61,62.28,57.78,57.47,57.75,
2085,ENP_others,51.96,61.63,58.83,58.61,58.66,
2086,ENP_others,51.29,60.95,59.88,59.77,59.58,
2087,ENP_others,50.59,60.27,60.93,60.92,60.52,
2088,ENP_others,49.89,59.59,61.99,62.03,61.44,
2089,ENP_others,49.19,58.92,63.06,63.1,62.35,
2090,ENP_others,48.5,58.25,64.13,64.13,63.24,
2091,ENP_others,47.82,57.6,65.2,65.13,64.12,
2092,ENP_others,47.16,56.97,66.24,66.1,64.97,
2093,ENP_others,46.74,56.63,67.22,67.03,65.8,
2094,ENP_others,46.39,56.38,68.17,67.94,66.62,
2095,ENP_others,46.12,56.21,69.07,68.82,67.42,
2096,ENP_others,45.95,56.15,69.94,69.68,68.22,
2097,ENP_others,45.86,56.19,70.78,70.53,69.01,
2098,ENP_others,45.88,56.31,71.58,71.37,69.79,
2099,ENP_others,45.97,56.49,72.35,72.19,70.58,
2100,ENP_others,46.08,56.64,73.08,73,71.35,
2019,CARANN,4.794,4.794,4.794,4.794,4.794,
2020,CARANN,4.801,4.801,4.801,4.801,4.801,
2021,CARANN,4.854,4.854,4.854,4.854,4.854,
2022,CARANN,4.919,4.919,4.919,4.919,4.919,
2023,CARANN,4.939,4.939,4.939,4.939,4.939,
2024,CARANN,4.947,4.947,4.944,4.942,4.944,
2025,CARANN,4.866,4.866,4.845,4.88,4.928,
2026,CARANN,4.712,4.711,4.746,4.821,4.915,
2027,CARANN,4.496,4.494,4.669,4.784,4.915,
2028,CARANN,4.26,4.255,4.628,4.777,4.946,
2029,CARANN,4.006,4.003,4.603,4.778,4.993,
2030,CARANN,3.756,3.757,4.623,4.817,5.044,
2031,CARANN,3.55,3.556,4.466,4.679,5.081,
2032,CARANN,3.362,3.376,4.344,4.562,5.086,
2033,CARANN,3.194,3.216,4.25,4.477,5.073,
2034,CARANN,3.044,3.075,4.186,4.422,5.048,
2035,CARANN,2.899,2.939,4.138,4.393,5.015,
2036,CARANN,2.769,2.818,4.102,4.379,4.975,
2037,CARANN,2.621,2.677,4.068,4.364,4.93,
2038,CARANN,2.47,2.531,4.025,4.335,4.886,
2039,CARANN,2.315,2.378,3.968,4.289,4.845,
2040,CARANN,2.155,2.218,3.898,4.226,4.812,
2041,CARANN,2.003,2.064,3.817,4.156,4.779,
2042,CARANN,1.861,1.921,3.726,4.082,4.742,
2043,CARANN,1.723,1.783,3.634,4.002,4.706,
2044,CARANN,1.591,1.65,3.544,3.924,4.655,
2045,CARANN,1.464,1.523,3.463,3.848,4.6,
2046,CARANN,1.344,1.403,3.383,3.775,4.544,
2047,CARANN,1.26,1.319,3.309,3.704,4.485,
2048,CARANN,1.19,1.249,3.243,3.636,4.428,
2049,CARANN,1.128,1.187,3.191,3.566,4.371,
2050,CARANN,1.07,1.13,3.156,3.495,4.314,
2051,CARANN,1.022,1.082,3.138,3.426,4.256,
2052,CARANN,0.982,1.046,3.127,3.363,4.196,
2053,CARANN,0.945,1.013,3.106,3.307,4.134,
2054,CARANN,0.911,0.98,3.08,3.26,4.072,
2055,CARANN,0.876,0.946,3.048,3.221,4.012,
2056,CARANN,0.838,0.908,3.011,3.188,3.952,
2057,CARANN,0.793,0.86,2.969,3.157,3.892,
2058,CARANN,0.75,0.812,2.925,3.126,3.831,
2059,CARANN,0.702,0.762,2.881,3.091,3.772,
2060,CARANN,0.661,0.717,2.837,3.055,3.711,
2061,CARANN,0.618,0.673,2.793,3.016,3.652,
2062,CARANN,0.578,0.631,2.752,2.976,3.594,
2063,CARANN,0.539,0.593,2.711,2.936,3.538,
2064,CARANN,0.504,0.555,2.671,2.896,3.481,
2065,CARANN,0.467,0.517,2.632,2.855,3.422,
2066,CARANN,0.436,0.485,2.592,2.816,3.359,
2067,CARANN,0.407,0.457,2.552,2.776,3.296,
2068,CARANN,0.381,0.43,2.512,2.738,3.232,
2069,CARANN,0.357,0.406,2.471,2.7,3.168,
2070,CARANN,0.333,0.383,2.43,2.663,3.101,
2071,CARANN,0.313,0.362,2.387,2.625,3.035,
2072,CARANN,0.294,0.344,2.344,2.587,2.967,
2073,CARANN,0.276,0.326,2.299,2.548,2.896,
2074,CARANN,0.26,0.311,2.254,2.508,2.827,
2075,CARANN,0.245,0.294,2.208,2.466,2.761,
2076,CARANN,0.232,0.28,2.161,2.423,2.696,
2077,CARANN,0.218,0.264,2.114,2.38,2.636,
2078,CARANN,0.205,0.25,2.067,2.336,2.577,
2079,CARANN,0.191,0.235,2.02,2.291,2.519,
2080,CARANN,0.179,0.22,1.973,2.247,2.462,
2081,CARANN,0.166,0.205,1.927,2.202,2.408,
2082,CARANN,0.154,0.191,1.881,2.156,2.353,
2083,CARANN,0.142,0.177,1.837,2.111,2.299,
2084,CARANN,0.13,0.163,1.793,2.068,2.246,
2085,CARANN,0.118,0.15,1.751,2.026,2.194,
2086,CARANN,0.106,0.137,1.711,1.985,2.145,
2087,CARANN,0.095,0.125,1.672,1.941,2.097,
2088,CARANN,0.085,0.113,1.634,1.898,2.049,
2089,CARANN,0.075,0.102,1.596,1.854,2.003,
2090,CARANN,0.065,0.091,1.559,1.811,1.959,
2091,CARANN,0.056,0.081,1.52,1.768,1.914,
2092,CARANN,0.05,0.074,1.481,1.726,1.869,
2093,CARANN,0.044,0.067,1.441,1.685,1.825,
2094,CARANN,0.039,0.062,1.4,1.643,1.782,
2095,CARANN,0.034,0.056,1.36,1.601,1.738,
2096,CARANN,0.03,0.052,1.32,1.561,1.695,
2097,CARANN,0.026,0.047,1.281,1.521,1.651,
2098,CARANN,0.022,0.043,1.242,1.482,1.609,
2099,CARANN,0.019,0.04,1.205,1.443,1.567,
2100,CARANN,0.016,0.037,1.168,1.402,1.529,
2019,INFMOR,11.72,11.72,11.72,11.72,11.72,
2020,INFMOR,12.13,12.13,12.13,12.13,12.13,
2021,INFMOR,11.83,11.83,11.83,11.83,11.83,
2022,INFMOR,11.5,11.5,11.5,11.5,11.5,
2023,INFMOR,11.24,11.24,11.24,11.24,11.24,
2024,INFMOR,10.96,10.94,10.97,10.96,10.96,
2025,INFMOR,10.69,10.63,10.66,10.68,10.68,
2026,INFMOR,10.43,10.33,10.37,10.41,10.43,
2027,INFMOR,10.17,10.01,10.05,10.1,10.17,
2028,INFMOR,9.925,9.715,9.746,9.806,9.93,
2029,INFMOR,9.695,9.435,9.47,9.535,9.709,
2030,INFMOR,9.464,9.153,9.188,9.266,9.492,
2031,INFMOR,9.244,8.882,8.946,9.006,9.279,
2032,INFMOR,9.013,8.602,8.671,8.74,9.069,
2033,INFMOR,8.787,8.342,8.409,8.477,8.861,
2034,INFMOR,8.567,8.093,8.159,8.226,8.655,
2035,INFMOR,8.357,7.854,7.919,7.987,8.454,
2036,INFMOR,8.153,7.621,7.684,7.756,8.259,
2037,INFMOR,7.956,7.405,7.454,7.532,8.069,
2038,INFMOR,7.777,7.199,7.242,7.316,7.892,
2039,INFMOR,7.606,7.003,7.038,7.117,7.724,
2040,INFMOR,7.442,6.815,6.841,6.926,7.564,
2041,INFMOR,7.286,6.636,6.65,6.745,7.412,
2042,INFMOR,7.136,6.463,6.466,6.57,7.266,
2043,INFMOR,6.992,6.309,6.291,6.402,7.127,
2044,INFMOR,6.855,6.162,6.134,6.247,6.994,
2045,INFMOR,6.725,6.023,5.984,6.104,6.867,
2046,INFMOR,6.604,5.892,5.842,5.965,6.746,
2047,INFMOR,6.485,5.764,5.705,5.831,6.63,
2048,INFMOR,6.369,5.639,5.573,5.701,6.517,
2049,INFMOR,6.258,5.52,5.446,5.576,6.409,
2050,INFMOR,6.148,5.403,5.321,5.453,6.3,
2051,INFMOR,6.039,5.287,5.198,5.332,6.191,
2052,INFMOR,5.931,5.173,5.076,5.211,6.083,
2053,INFMOR,5.824,5.061,4.958,5.092,5.976,
2054,INFMOR,5.718,4.95,4.841,4.975,5.868,
2055,INFMOR,5.618,4.84,4.726,4.859,5.761,
2056,INFMOR,5.519,4.731,4.612,4.743,5.659,
2057,INFMOR,5.419,4.622,4.5,4.629,5.557,
2058,INFMOR,5.321,4.516,4.389,4.517,5.455,
2059,INFMOR,5.224,4.411,4.281,4.408,5.355,
2060,INFMOR,5.127,4.308,4.174,4.301,5.255,
2061,INFMOR,5.031,4.205,4.068,4.194,5.155,
2062,INFMOR,4.936,4.104,3.965,4.089,5.057,
2063,INFMOR,4.843,4.006,3.863,3.987,4.961,
2064,INFMOR,4.752,3.911,3.764,3.887,4.867,
2065,INFMOR,4.666,3.82,3.668,3.79,4.775,
2066,INFMOR,4.579,3.731,3.575,3.696,4.685,
2067,INFMOR,4.495,3.644,3.485,3.604,4.597,
2068,INFMOR,4.413,3.56,3.398,3.515,4.511,
2069,INFMOR,4.335,3.48,3.315,3.431,4.43,
2070,INFMOR,4.26,3.403,3.236,3.351,4.351,
2071,INFMOR,4.189,3.329,3.16,3.274,4.277,
2072,INFMOR,4.12,3.259,3.088,3.2,4.205,
2073,INFMOR,4.055,3.191,3.02,3.13,4.137,
2074,INFMOR,3.992,3.126,2.955,3.062,4.071,
2075,INFMOR,3.931,3.063,2.893,2.997,4.007,
2076,INFMOR,3.873,3.004,2.834,2.935,3.945,
2077,INFMOR,3.817,2.947,2.777,2.875,3.885,
2078,INFMOR,3.762,2.891,2.723,2.818,3.827,
2079,INFMOR,3.708,2.838,2.67,2.763,3.77,
2080,INFMOR,3.655,2.786,2.619,2.709,3.715,
2081,INFMOR,3.603,2.734,2.569,2.658,3.66,
2082,INFMOR,3.552,2.684,2.52,2.607,3.605,
2083,INFMOR,3.5,2.635,2.473,2.558,3.551,
2084,INFMOR,3.449,2.587,2.427,2.509,3.497,
2085,INFMOR,3.399,2.54,2.383,2.461,3.444,
2086,INFMOR,3.349,2.494,2.339,2.414,3.392,
2087,INFMOR,3.299,2.449,2.297,2.369,3.339,
2088,INFMOR,3.25,2.406,2.256,2.325,3.288,
2089,INFMOR,3.202,2.363,2.217,2.283,3.238,
2090,INFMOR,3.155,2.322,2.179,2.242,3.189,
2091,INFMOR,3.109,2.283,2.143,2.203,3.141,
2092,INFMOR,3.064,2.246,2.108,2.165,3.094,
2093,INFMOR,3.019,2.21,2.075,2.129,3.048,
2094,INFMOR,2.977,2.176,2.043,2.095,3.004,
2095,INFMOR,2.935,2.144,2.013,2.063,2.961,
2096,INFMOR,2.895,2.114,1.984,2.032,2.919,
2097,INFMOR,2.856,2.085,1.957,2.002,2.879,
2098,INFMOR,2.818,2.057,1.93,1.974,2.84,
2099,INFMOR,2.783,2.031,1.906,1.946,2.803,
2100,INFMOR,2.748,2.006,1.882,1.92,2.767,
2019,MALNPOPP,2.263,2.263,2.263,2.263,2.263,
2020,MALNPOPP,2.438,2.438,2.438,2.438,2.438,
2021,MALNPOPP,2.308,2.308,2.308,2.308,2.308,
2022,MALNPOPP,2.146,2.146,2.146,2.146,2.146,
2023,MALNPOPP,2.069,2.069,2.069,2.069,2.069,
2024,MALNPOPP,1.986,1.947,1.99,1.985,1.986,
2025,MALNPOPP,1.892,1.798,1.861,1.888,1.89,
2026,MALNPOPP,1.803,1.65,1.721,1.771,1.803,
2027,MALNPOPP,1.724,1.51,1.578,1.632,1.723,
2028,MALNPOPP,1.657,1.389,1.451,1.504,1.645,
2029,MALNPOPP,1.58,1.264,1.323,1.37,1.582,
2030,MALNPOPP,1.506,1.147,1.204,1.249,1.512,
2031,MALNPOPP,1.439,1.041,1.103,1.139,1.446,
2032,MALNPOPP,1.372,0.94,0.997,1.033,1.384,
2033,MALNPOPP,1.309,0.848,0.901,0.933,1.326,
2034,MALNPOPP,1.251,0.764,0.812,0.842,1.272,
2035,MALNPOPP,1.196,0.686,0.73,0.757,1.219,
2036,MALNPOPP,1.143,0.614,0.653,0.678,1.169,
2037,MALNPOPP,1.093,0.55,0.582,0.605,1.12,
2038,MALNPOPP,1.044,0.491,0.518,0.538,1.072,
2039,MALNPOPP,0.997,0.436,0.459,0.478,1.026,
2040,MALNPOPP,0.95,0.404,0.404,0.422,0.98,
2041,MALNPOPP,0.904,0.373,0.371,0.37,0.935,
2042,MALNPOPP,0.86,0.343,0.339,0.339,0.892,
2043,MALNPOPP,0.816,0.314,0.308,0.309,0.849,
2044,MALNPOPP,0.773,0.285,0.279,0.28,0.808,
2045,MALNPOPP,0.732,0.256,0.25,0.25,0.768,
2046,MALNPOPP,0.692,0.228,0.222,0.221,0.728,
2047,MALNPOPP,0.652,0.2,0.194,0.193,0.689,
2048,MALNPOPP,0.615,0.177,0.171,0.169,0.653,
2049,MALNPOPP,0.589,0.166,0.16,0.159,0.627,
2050,MALNPOPP,0.564,0.156,0.15,0.149,0.602,
2051,MALNPOPP,0.54,0.146,0.141,0.139,0.577,
2052,MALNPOPP,0.516,0.136,0.131,0.13,0.553,
2053,MALNPOPP,0.493,0.127,0.123,0.121,0.529,
2054,MALNPOPP,0.471,0.119,0.114,0.113,0.506,
2055,MALNPOPP,0.449,0.111,0.106,0.105,0.483,
2056,MALNPOPP,0.429,0.104,0.099,0.098,0.461,
2057,MALNPOPP,0.408,0.097,0.092,0.091,0.44,
2058,MALNPOPP,0.389,0.09,0.085,0.084,0.418,
2059,MALNPOPP,0.369,0.084,0.079,0.078,0.398,
2060,MALNPOPP,0.351,0.078,0.073,0.072,0.378,
2061,MALNPOPP,0.333,0.072,0.067,0.067,0.359,
2062,MALNPOPP,0.315,0.067,0.062,0.062,0.341,
2063,MALNPOPP,0.299,0.062,0.057,0.057,0.323,
2064,MALNPOPP,0.283,0.057,0.053,0.053,0.306,
2065,MALNPOPP,0.268,0.053,0.049,0.049,0.29,
2066,MALNPOPP,0.254,0.05,0.045,0.045,0.275,
2067,MALNPOPP,0.241,0.046,0.041,0.041,0.261,
2068,MALNPOPP,0.229,0.043,0.038,0.038,0.247,
2069,MALNPOPP,0.218,0.04,0.035,0.035,0.235,
2070,MALNPOPP,0.207,0.037,0.032,0.033,0.223,
2071,MALNPOPP,0.197,0.034,0.03,0.03,0.212,
2072,MALNPOPP,0.188,0.032,0.028,0.028,0.202,
2073,MALNPOPP,0.18,0.029,0.026,0.026,0.193,
2074,MALNPOPP,0.172,0.027,0.024,0.024,0.184,
2075,MALNPOPP,0.165,0.025,0.022,0.022,0.176,
2076,MALNPOPP,0.158,0.023,0.02,0.021,0.168,
2077,MALNPOPP,0.151,0.022,0.019,0.019,0.161,
2078,MALNPOPP,0.145,0.02,0.018,0.018,0.154,
2079,MALNPOPP,0.139,0.019,0.016,0.017,0.148,
2080,MALNPOPP,0.134,0.018,0.015,0.015,0.142,
2081,MALNPOPP,0.128,0.016,0.014,0.014,0.136,
2082,MALNPOPP,0.123,0.015,0.013,0.013,0.13,
2083,MALNPOPP,0.118,0.014,0.012,0.012,0.125,
2084,MALNPOPP,0.113,0.013,0.011,0.012,0.119,
2085,MALNPOPP,0.109,0.013,0.011,0.011,0.114,
2086,MALNPOPP,0.104,0.012,0.01,0.01,0.11,
2087,MALNPOPP,0.1,0.011,0.01,0.01,0.105,
2088,MALNPOPP,0.096,0.011,0.009,0.009,0.1,
2089,MALNPOPP,0.092,0.01,0.009,0.009,0.096,
2090,MALNPOPP,0.088,0.01,0.009,0.008,0.092,
2091,MALNPOPP,0.085,0.009,0.008,0.008,0.088,
2092,MALNPOPP,0.081,0.009,0.008,0.008,0.085,
2093,MALNPOPP,0.078,0.009,0.008,0.008,0.081,
2094,MALNPOPP,0.075,0.008,0.008,0.008,0.078,
2095,MALNPOPP,0.071,0.008,0.008,0.008,0.074,
2096,MALNPOPP,0.068,0.008,0.008,0.008,0.071,
2097,MALNPOPP,0.066,0.008,0.008,0.008,0.068,
2098,MALNPOPP,0.064,0.008,0.008,0.008,0.065,
2099,MALNPOPP,0.062,0.008,0.008,0.008,0.063,
2100,MALNPOPP,0.06,0.008,0.008,0.007,0.061,
2019,SFINTLWARALL,0.118,0.118,0.118,0.118,0.118,
2020,SFINTLWARALL,0.244,0.244,0.244,0.244,0.244,
2021,SFINTLWARALL,0.136,0.136,0.136,0.136,0.136,
2022,SFINTLWARALL,0.125,0.125,0.125,0.125,0.125,
2023,SFINTLWARALL,0.123,0.123,0.123,0.123,0.123,
2024,SFINTLWARALL,0.118,0.117,0.118,0.118,0.118,
2025,SFINTLWARALL,0.118,0.117,0.117,0.118,0.118,
2026,SFINTLWARALL,0.117,0.116,0.116,0.116,0.117,
2027,SFINTLWARALL,0.117,0.115,0.115,0.115,0.117,
2028,SFINTLWARALL,0.116,0.114,0.114,0.115,0.116,
2029,SFINTLWARALL,0.116,0.114,0.114,0.114,0.116,
2030,SFINTLWARALL,0.116,0.114,0.114,0.114,0.116,
2031,SFINTLWARALL,0.115,0.113,0.116,0.114,0.115,
2032,SFINTLWARALL,0.115,0.112,0.113,0.113,0.115,
2033,SFINTLWARALL,0.114,0.111,0.112,0.112,0.114,
2034,SFINTLWARALL,0.113,0.11,0.11,0.11,0.113,
2035,SFINTLWARALL,0.112,0.109,0.109,0.109,0.112,
2036,SFINTLWARALL,0.111,0.108,0.108,0.108,0.111,
2037,SFINTLWARALL,0.11,0.107,0.107,0.107,0.11,
2038,SFINTLWARALL,0.11,0.106,0.106,0.106,0.11,
2039,SFINTLWARALL,0.109,0.105,0.105,0.105,0.109,
2040,SFINTLWARALL,0.108,0.104,0.104,0.104,0.108,
2041,SFINTLWARALL,0.107,0.103,0.103,0.103,0.107,
2042,SFINTLWARALL,0.106,0.102,0.101,0.102,0.106,
2043,SFINTLWARALL,0.105,0.1,0.1,0.1,0.105,
2044,SFINTLWARALL,0.104,0.099,0.098,0.099,0.104,
2045,SFINTLWARALL,0.102,0.097,0.097,0.097,0.103,
2046,SFINTLWARALL,0.101,0.096,0.096,0.096,0.102,
2047,SFINTLWARALL,0.1,0.096,0.096,0.096,0.101,
2048,SFINTLWARALL,0.099,0.095,0.095,0.095,0.1,
2049,SFINTLWARALL,0.099,0.094,0.094,0.095,0.099,
2050,SFINTLWARALL,0.099,0.094,0.094,0.094,0.099,
2051,SFINTLWARALL,0.098,0.094,0.093,0.094,0.098,
2052,SFINTLWARALL,0.098,0.093,0.093,0.093,0.098,
2053,SFINTLWARALL,0.098,0.093,0.093,0.093,0.098,
2054,SFINTLWARALL,0.098,0.093,0.093,0.093,0.097,
2055,SFINTLWARALL,0.098,0.093,0.093,0.093,0.097,
2056,SFINTLWARALL,0.097,0.093,0.092,0.093,0.097,
2057,SFINTLWARALL,0.097,0.092,0.092,0.092,0.097,
2058,SFINTLWARALL,0.097,0.092,0.092,0.092,0.096,
2059,SFINTLWARALL,0.097,0.092,0.092,0.092,0.096,
2060,SFINTLWARALL,0.096,0.092,0.091,0.092,0.096,
2061,SFINTLWARALL,0.096,0.091,0.091,0.091,0.096,
2062,SFINTLWARALL,0.096,0.091,0.091,0.091,0.096,
2063,SFINTLWARALL,0.096,0.09,0.09,0.091,0.096,
2064,SFINTLWARALL,0.096,0.09,0.09,0.09,0.095,
2065,SFINTLWARALL,0.096,0.089,0.089,0.089,0.095,
2066,SFINTLWARALL,0.095,0.088,0.088,0.089,0.095,
2067,SFINTLWARALL,0.095,0.088,0.088,0.088,0.095,
2068,SFINTLWARALL,0.095,0.087,0.087,0.087,0.095,
2069,SFINTLWARALL,0.094,0.086,0.086,0.086,0.094,
2070,SFINTLWARALL,0.093,0.086,0.086,0.086,0.093,
2071,SFINTLWARALL,0.093,0.085,0.085,0.085,0.093,
2072,SFINTLWARALL,0.092,0.084,0.084,0.084,0.092,
2073,SFINTLWARALL,0.091,0.083,0.083,0.083,0.091,
2074,SFINTLWARALL,0.091,0.083,0.082,0.083,0.091,
2075,SFINTLWARALL,0.09,0.082,0.082,0.082,0.09,
2076,SFINTLWARALL,0.089,0.081,0.081,0.081,0.089,
2077,SFINTLWARALL,0.088,0.081,0.081,0.081,0.088,
2078,SFINTLWARALL,0.088,0.08,0.08,0.08,0.088,
2079,SFINTLWARALL,0.087,0.08,0.079,0.079,0.087,
2080,SFINTLWARALL,0.086,0.079,0.079,0.079,0.086,
2081,SFINTLWARALL,0.085,0.079,0.078,0.079,0.085,
2082,SFINTLWARALL,0.084,0.078,0.078,0.078,0.085,
2083,SFINTLWARALL,0.084,0.078,0.078,0.078,0.084,
2084,SFINTLWARALL,0.083,0.077,0.077,0.077,0.083,
2085,SFINTLWARALL,0.083,0.077,0.077,0.077,0.083,
2086,SFINTLWARALL,0.082,0.077,0.076,0.076,0.082,
2087,SFINTLWARALL,0.082,0.076,0.076,0.076,0.082,
2088,SFINTLWARALL,0.081,0.076,0.076,0.076,0.081,
2089,SFINTLWARALL,0.081,0.076,0.075,0.076,0.081,
2090,SFINTLWARALL,0.081,0.075,0.075,0.075,0.081,
2091,SFINTLWARALL,0.08,0.075,0.075,0.075,0.08,
2092,SFINTLWARALL,0.08,0.075,0.074,0.075,0.08,
2093,SFINTLWARALL,0.08,0.074,0.074,0.074,0.079,
2094,SFINTLWARALL,0.079,0.074,0.074,0.074,0.079,
2095,SFINTLWARALL,0.079,0.074,0.073,0.073,0.079,
2096,SFINTLWARALL,0.078,0.073,0.073,0.073,0.078,
2097,SFINTLWARALL,0.078,0.073,0.073,0.073,0.078,
2098,SFINTLWARALL,0.078,0.073,0.072,0.072,0.077,
2099,SFINTLWARALL,0.077,0.072,0.072,0.072,0.077,
2100,SFINTLWARALL,0.077,0.072,0.072,0.072,0.077,
